Region,Year,Total_DeathRate,DeathRate_AgeGroup,Number_of_death
Africa,2000,  28 617,0 - 9,  2 436
Africa,2000,  28 617,10 - 19,  3 161
Africa,2000,  28 617,20 - 29,  6 722
Africa,2000,  28 617,30 - 39,  3 330
Africa,2000,  28 617,40 - 49,  3 680
Africa,2000,  28 617,50 - 59,  3 015
Africa,2000,  28 617,60 - 69,  4 230
Africa,2000,  28 617,70 - 79,  1 447
Africa,2000,  28 617,80 - 89,534
Africa,2000,  28 617,90 - 99,63
Africa,2001,  29 283,0 - 9,  2 398
Africa,2001,  29 283,10 - 19,  3 241
Africa,2001,  29 283,20 - 29,  6 906
Africa,2001,  29 283,30 - 39,  3 419
Africa,2001,  29 283,40 - 49,  3 778
Africa,2001,  29 283,50 - 59,  3 091
Africa,2001,  29 283,60 - 69,  4 337
Africa,2001,  29 283,70 - 79,  1 491
Africa,2001,  29 283,80 - 89,556
Africa,2001,  29 283,90 - 99,67
Africa,2002,  29 861,0 - 9,  2 358
Africa,2002,  29 861,10 - 19,  3 310
Africa,2002,  29 861,20 - 29,  7 064
Africa,2002,  29 861,30 - 39,  3 498
Africa,2002,  29 861,40 - 49,  3 863
Africa,2002,  29 861,50 - 59,  3 158
Africa,2002,  29 861,60 - 69,  4 432
Africa,2002,  29 861,70 - 79,  1 530
Africa,2002,  29 861,80 - 89,575
Africa,2002,  29 861,90 - 99,71
Africa,2003,  30 394,0 - 9,  2 309
Africa,2003,  30 394,10 - 19,  3 357
Africa,2003,  30 394,20 - 29,  7 196
Africa,2003,  30 394,30 - 39,  3 570
Africa,2003,  30 394,40 - 49,  3 952
Africa,2003,  30 394,50 - 59,  3 230
Africa,2003,  30 394,60 - 69,  4 534
Africa,2003,  30 394,70 - 79,  1 573
Africa,2003,  30 394,80 - 89,596
Africa,2003,  30 394,90 - 99,76
Africa,2004,  30 798,0 - 9,  2 268
Africa,2004,  30 798,10 - 19,  3 390
Africa,2004,  30 798,20 - 29,  7 294
Africa,2004,  30 798,30 - 39,  3 623
Africa,2004,  30 798,40 - 49,  4 021
Africa,2004,  30 798,50 - 59,  3 287
Africa,2004,  30 798,60 - 69,  4 613
Africa,2004,  30 798,70 - 79,  1 607
Africa,2004,  30 798,80 - 89,614
Africa,2004,  30 798,90 - 99,80
Africa,2005,  31 239,0 - 9,  2 222
Africa,2005,  31 239,10 - 19,  3 412
Africa,2005,  31 239,20 - 29,  7 378
Africa,2005,  31 239,30 - 39,  3 674
Africa,2005,  31 239,40 - 49,  4 105
Africa,2005,  31 239,50 - 59,  3 360
Africa,2005,  31 239,60 - 69,  4 718
Africa,2005,  31 239,70 - 79,  1 649
Africa,2005,  31 239,80 - 89,635
Africa,2005,  31 239,90 - 99,85
Africa,2006,  31 506,0 - 9,  2 164
Africa,2006,  31 506,10 - 19,  3 401
Africa,2006,  31 506,20 - 29,  7 399
Africa,2006,  31 506,30 - 39,  3 700
Africa,2006,  31 506,40 - 49,  4 173
Africa,2006,  31 506,50 - 59,  3 424
Africa,2006,  31 506,60 - 69,  4 813
Africa,2006,  31 506,70 - 79,  1 688
Africa,2006,  31 506,80 - 89,656
Africa,2006,  31 506,90 - 99,89
Africa,2007,  31 724,0 - 9,  2 110
Africa,2007,  31 724,10 - 19,  3 383
Africa,2007,  31 724,20 - 29,  7 406
Africa,2007,  31 724,30 - 39,  3 717
Africa,2007,  31 724,40 - 49,  4 233
Africa,2007,  31 724,50 - 59,  3 482
Africa,2007,  31 724,60 - 69,  4 900
Africa,2007,  31 724,70 - 79,  1 724
Africa,2007,  31 724,80 - 89,676
Africa,2007,  31 724,90 - 99,93
Africa,2008,  31 954,0 - 9,  2 070
Africa,2008,  31 954,10 - 19,  3 370
Africa,2008,  31 954,20 - 29,  7 415
Africa,2008,  31 954,30 - 39,  3 733
Africa,2008,  31 954,40 - 49,  4 290
Africa,2008,  31 954,50 - 59,  3 539
Africa,2008,  31 954,60 - 69,  4 986
Africa,2008,  31 954,70 - 79,  1 759
Africa,2008,  31 954,80 - 89,696
Africa,2008,  31 954,90 - 99,96
Africa,2009,  32 974,0 - 9,  2 099
Africa,2009,  32 974,10 - 19,  3 503
Africa,2009,  32 974,20 - 29,  7 685
Africa,2009,  32 974,30 - 39,  3 851
Africa,2009,  32 974,40 - 49,  4 423
Africa,2009,  32 974,50 - 59,  3 651
Africa,2009,  32 974,60 - 69,  5 130
Africa,2009,  32 974,70 - 79,  1 810
Africa,2009,  32 974,80 - 89,723
Africa,2009,  32 974,90 - 99,100
Africa,2010,  32 463,0 - 9,  2 006
Africa,2010,  32 463,10 - 19,  3 327
Africa,2010,  32 463,20 - 29,  7 409
Africa,2010,  32 463,30 - 39,  3 763
Africa,2010,  32 463,40 - 49,  4 421
Africa,2010,  32 463,50 - 59,  3 671
Africa,2010,  32 463,60 - 69,  5 187
Africa,2010,  32 463,70 - 79,  1 835
Africa,2010,  32 463,80 - 89,741
Africa,2010,  32 463,90 - 99,103
Africa,2011,  33 124,0 - 9,  2 062
Africa,2011,  33 124,10 - 19,  3 338
Africa,2011,  33 124,20 - 29,  7 478
Africa,2011,  33 124,30 - 39,  3 815
Africa,2011,  33 124,40 - 49,  4 532
Africa,2011,  33 124,50 - 59,  3 777
Africa,2011,  33 124,60 - 69,  5 345
Africa,2011,  33 124,70 - 79,  1 892
Africa,2011,  33 124,80 - 89,774
Africa,2011,  33 124,90 - 99,109
Africa,2012,  33 088,0 - 9,  1 946
Africa,2012,  33 088,10 - 19,  3 291
Africa,2012,  33 088,20 - 29,  7 410
Africa,2012,  33 088,30 - 39,  3 801
Africa,2012,  33 088,40 - 49,  4 567
Africa,2012,  33 088,50 - 59,  3 820
Africa,2012,  33 088,60 - 69,  5 424
Africa,2012,  33 088,70 - 79,  1 923
Africa,2012,  33 088,80 - 89,795
Africa,2012,  33 088,90 - 99,112
Africa,2013,  33 563,0 - 9,  1 907
Africa,2013,  33 563,10 - 19,  3 299
Africa,2013,  33 563,20 - 29,  7 462
Africa,2013,  33 563,30 - 39,  3 843
Africa,2013,  33 563,40 - 49,  4 662
Africa,2013,  33 563,50 - 59,  3 909
Africa,2013,  33 563,60 - 69,  5 562
Africa,2013,  33 563,70 - 79,  1 973
Africa,2013,  33 563,80 - 89,827
Africa,2013,  33 563,90 - 99,119
Africa,2014,  34 325,0 - 9,  1 931
Africa,2014,  34 325,10 - 19,  3 360
Africa,2014,  34 325,20 - 29,  7 607
Africa,2014,  34 325,30 - 39,  3 924
Africa,2014,  34 325,40 - 49,  4 778
Africa,2014,  34 325,50 - 59,  4 012
Africa,2014,  34 325,60 - 69,  5 712
Africa,2014,  34 325,70 - 79,  2 023
Africa,2014,  34 325,80 - 89,854
Africa,2014,  34 325,90 - 99,124
Africa,2015,  34 778,0 - 9,  1 926
Africa,2015,  34 778,10 - 19,  3 369
Africa,2015,  34 778,20 - 29,  7 663
Africa,2015,  34 778,30 - 39,  3 972
Africa,2015,  34 778,40 - 49,  4 866
Africa,2015,  34 778,50 - 59,  4 092
Africa,2015,  34 778,60 - 69,  5 834
Africa,2015,  34 778,70 - 79,  2 063
Africa,2015,  34 778,80 - 89,869
Africa,2015,  34 778,90 - 99,125
Africa,2016,  35 313,0 - 9,  1 911
Africa,2016,  35 313,10 - 19,  3 389
Africa,2016,  35 313,20 - 29,  7 736
Africa,2016,  35 313,30 - 39,  4 025
Africa,2016,  35 313,40 - 49,  4 965
Africa,2016,  35 313,50 - 59,  4 182
Africa,2016,  35 313,60 - 69,  5 972
Africa,2016,  35 313,70 - 79,  2 112
Africa,2016,  35 313,80 - 89,891
Africa,2016,  35 313,90 - 99,130
Africa,2017,  35 895,0 - 9,  1 912
Africa,2017,  35 895,10 - 19,  3 416
Africa,2017,  35 895,20 - 29,  7 815
Africa,2017,  35 895,30 - 39,  4 079
Africa,2017,  35 895,40 - 49,  5 068
Africa,2017,  35 895,50 - 59,  4 275
Africa,2017,  35 895,60 - 69,  6 118
Africa,2017,  35 895,70 - 79,  2 163
Africa,2017,  35 895,80 - 89,913
Africa,2017,  35 895,90 - 99,135
Africa,2018,  36 075,0 - 9,  1 817
Africa,2018,  36 075,10 - 19,  3 380
Africa,2018,  36 075,20 - 29,  7 780
Africa,2018,  36 075,30 - 39,  4 088
Africa,2018,  36 075,40 - 49,  5 138
Africa,2018,  36 075,50 - 59,  4 346
Africa,2018,  36 075,60 - 69,  6 242
Africa,2018,  36 075,70 - 79,  2 208
Africa,2018,  36 075,80 - 89,935
Africa,2018,  36 075,90 - 99,142
Africa,2019,  36 876,0 - 9,  1 799
Africa,2019,  36 876,10 - 19,  3 445
Africa,2019,  36 876,20 - 29,  7 920
Africa,2019,  36 876,30 - 39,  4 167
Africa,2019,  36 876,40 - 49,  5 267
Africa,2019,  36 876,50 - 59,  4 464
Africa,2019,  36 876,60 - 69,  6 428
Africa,2019,  36 876,70 - 79,  2 272
Africa,2019,  36 876,80 - 89,963
Africa,2019,  36 876,90 - 99,151
Africa,2020,  39 618,0 - 9,  1 748
Africa,2020,  39 618,10 - 19,  3 401
Africa,2020,  39 618,20 - 29,  8 113
Africa,2020,  39 618,30 - 39,  4 411
Africa,2020,  39 618,40 - 49,  5 852
Africa,2020,  39 618,50 - 59,  5 013
Africa,2020,  39 618,60 - 69,  7 267
Africa,2020,  39 618,70 - 79,  2 555
Africa,2020,  39 618,80 - 89,  1 081
Africa,2020,  39 618,90 - 99,175
Africa,2021,  42 511,0 - 9,  1 731
Africa,2021,  42 511,10 - 19,  3 671
Africa,2021,  42 511,20 - 29,  8 862
Africa,2021,  42 511,30 - 39,  4 831
Africa,2021,  42 511,40 - 49,  6 310
Africa,2021,  42 511,50 - 59,  5 361
Africa,2021,  42 511,60 - 69,  7 710
Africa,2021,  42 511,70 - 79,  2 708
Africa,2021,  42 511,80 - 89,  1 143
Africa,2021,  42 511,90 - 99,183
Africa,2022,  39 749,0 - 9,  1 772
Africa,2022,  39 749,10 - 19,  3 671
Africa,2022,  39 749,20 - 29,  8 502
Africa,2022,  39 749,30 - 39,  4 512
Africa,2022,  39 749,40 - 49,  5 747
Africa,2022,  39 749,50 - 59,  4 878
Africa,2022,  39 749,60 - 69,  7 021
Africa,2022,  39 749,70 - 79,  2 462
Africa,2022,  39 749,80 - 89,  1 025
Africa,2022,  39 749,90 - 99,160
Africa,2023,  39 253,0 - 9,  1 647
Africa,2023,  39 253,10 - 19,  3 540
Africa,2023,  39 253,20 - 29,  8 256
Africa,2023,  39 253,30 - 39,  4 417
Africa,2023,  39 253,40 - 49,  5 729
Africa,2023,  39 253,50 - 59,  4 878
Africa,2023,  39 253,60 - 69,  7 076
Africa,2023,  39 253,70 - 79,  2 497
Africa,2023,  39 253,80 - 89,  1 044
Africa,2023,  39 253,90 - 99,168
Asia,2000,  108 758,0 - 9,  2 138
Asia,2000,  108 758,10 - 19,  5 638
Asia,2000,  108 758,20 - 29,  16 110
Asia,2000,  108 758,30 - 39,  10 382
Asia,2000,  108 758,40 - 49,  17 988
Asia,2000,  108 758,50 - 59,  16 234
Asia,2000,  108 758,60 - 69,  25 669
Asia,2000,  108 758,70 - 79,  9 525
Asia,2000,  108 758,80 - 89,  4 321
Asia,2000,  108 758,90 - 99,752
Asia,2001,  110 490,0 - 9,  2 042
Asia,2001,  110 490,10 - 19,  5 651
Asia,2001,  110 490,20 - 29,  16 198
Asia,2001,  110 490,30 - 39,  10 446
Asia,2001,  110 490,40 - 49,  18 310
Asia,2001,  110 490,50 - 59,  16 547
Asia,2001,  110 490,60 - 69,  26 238
Asia,2001,  110 490,70 - 79,  9 791
Asia,2001,  110 490,80 - 89,  4 475
Asia,2001,  110 490,90 - 99,791
Asia,2002,  112 330,0 - 9,  1 940
Asia,2002,  112 330,10 - 19,  5 633
Asia,2002,  112 330,20 - 29,  16 256
Asia,2002,  112 330,30 - 39,  10 499
Asia,2002,  112 330,40 - 49,  18 672
Asia,2002,  112 330,50 - 59,  16 901
Asia,2002,  112 330,60 - 69,  26 863
Asia,2002,  112 330,70 - 79,  10 086
Asia,2002,  112 330,80 - 89,  4 646
Asia,2002,  112 330,90 - 99,833
Asia,2003,  114 500,0 - 9,  1 829
Asia,2003,  114 500,10 - 19,  5 639
Asia,2003,  114 500,20 - 29,  16 371
Asia,2003,  114 500,30 - 39,  10 559
Asia,2003,  114 500,40 - 49,  19 092
Asia,2003,  114 500,50 - 59,  17 299
Asia,2003,  114 500,60 - 69,  27 551
Asia,2003,  114 500,70 - 79,  10 425
Asia,2003,  114 500,80 - 89,  4 847
Asia,2003,  114 500,90 - 99,888
Asia,2004,  117 474,0 - 9,  1 793
Asia,2004,  117 474,10 - 19,  5 741
Asia,2004,  117 474,20 - 29,  16 727
Asia,2004,  117 474,30 - 39,  10 732
Asia,2004,  117 474,40 - 49,  19 613
Asia,2004,  117 474,50 - 59,  17 773
Asia,2004,  117 474,60 - 69,  28 305
Asia,2004,  117 474,70 - 79,  10 786
Asia,2004,  117 474,80 - 89,  5 060
Asia,2004,  117 474,90 - 99,944
Asia,2005,  119 366,0 - 9,  1 664
Asia,2005,  119 366,10 - 19,  5 640
Asia,2005,  119 366,20 - 29,  16 698
Asia,2005,  119 366,30 - 39,  10 731
Asia,2005,  119 366,40 - 49,  20 020
Asia,2005,  119 366,50 - 59,  18 181
Asia,2005,  119 366,60 - 69,  28 994
Asia,2005,  119 366,70 - 79,  11 140
Asia,2005,  119 366,80 - 89,  5 292
Asia,2005,  119 366,90 - 99,  1 006
Asia,2006,  121 518,0 - 9,  1 552
Asia,2006,  121 518,10 - 19,  5 601
Asia,2006,  121 518,20 - 29,  16 809
Asia,2006,  121 518,30 - 39,  10 805
Asia,2006,  121 518,40 - 49,  20 451
Asia,2006,  121 518,50 - 59,  18 598
Asia,2006,  121 518,60 - 69,  29 669
Asia,2006,  121 518,70 - 79,  11 474
Asia,2006,  121 518,80 - 89,  5 501
Asia,2006,  121 518,90 - 99,  1 057
Asia,2007,  123 574,0 - 9,  1 468
Asia,2007,  123 574,10 - 19,  5 552
Asia,2007,  123 574,20 - 29,  16 905
Asia,2007,  123 574,30 - 39,  10 870
Asia,2007,  123 574,40 - 49,  20 860
Asia,2007,  123 574,50 - 59,  18 999
Asia,2007,  123 574,60 - 69,  30 309
Asia,2007,  123 574,70 - 79,  11 794
Asia,2007,  123 574,80 - 89,  5 711
Asia,2007,  123 574,90 - 99,  1 106
Asia,2008,  126 887,0 - 9,  1 454
Asia,2008,  126 887,10 - 19,  5 598
Asia,2008,  126 887,20 - 29,  17 265
Asia,2008,  126 887,30 - 39,  11 083
Asia,2008,  126 887,40 - 49,  21 458
Asia,2008,  126 887,50 - 59,  19 556
Asia,2008,  126 887,60 - 69,  31 155
Asia,2008,  126 887,70 - 79,  12 183
Asia,2008,  126 887,80 - 89,  5 970
Asia,2008,  126 887,90 - 99,  1 163
Asia,2009,  128 213,0 - 9,  1 324
Asia,2009,  128 213,10 - 19,  5 454
Asia,2009,  128 213,20 - 29,  17 186
Asia,2009,  128 213,30 - 39,  11 098
Asia,2009,  128 213,40 - 49,  21 786
Asia,2009,  128 213,50 - 59,  19 880
Asia,2009,  128 213,60 - 69,  31 677
Asia,2009,  128 213,70 - 79,  12 431
Asia,2009,  128 213,80 - 89,  6 167
Asia,2009,  128 213,90 - 99,  1 210
Asia,2010,  130 364,0 - 9,  1 255
Asia,2010,  130 364,10 - 19,  5 399
Asia,2010,  130 364,20 - 29,  17 283
Asia,2010,  130 364,30 - 39,  11 203
Asia,2010,  130 364,40 - 49,  22 213
Asia,2010,  130 364,50 - 59,  20 280
Asia,2010,  130 364,60 - 69,  32 319
Asia,2010,  130 364,70 - 79,  12 720
Asia,2010,  130 364,80 - 89,  6 406
Asia,2010,  130 364,90 - 99,  1 284
Asia,2011,  133 216,0 - 9,  1 190
Asia,2011,  133 216,10 - 19,  5 374
Asia,2011,  133 216,20 - 29,  17 469
Asia,2011,  133 216,30 - 39,  11 386
Asia,2011,  133 216,40 - 49,  22 765
Asia,2011,  133 216,50 - 59,  20 791
Asia,2011,  133 216,60 - 69,  33 148
Asia,2011,  133 216,70 - 79,  13 065
Asia,2011,  133 216,80 - 89,  6 667
Asia,2011,  133 216,90 - 99,  1 361
Asia,2012,  135 468,0 - 9,  1 136
Asia,2012,  135 468,10 - 19,  5 346
Asia,2012,  135 468,20 - 29,  17 615
Asia,2012,  135 468,30 - 39,  11 552
Asia,2012,  135 468,40 - 49,  23 194
Asia,2012,  135 468,50 - 59,  21 198
Asia,2012,  135 468,60 - 69,  33 795
Asia,2012,  135 468,70 - 79,  13 314
Asia,2012,  135 468,80 - 89,  6 885
Asia,2012,  135 468,90 - 99,  1 433
Asia,2013,  137 916,0 - 9,  1 082
Asia,2013,  137 916,10 - 19,  5 262
Asia,2013,  137 916,20 - 29,  17 724
Asia,2013,  137 916,30 - 39,  11 741
Asia,2013,  137 916,40 - 49,  23 673
Asia,2013,  137 916,50 - 59,  21 682
Asia,2013,  137 916,60 - 69,  34 541
Asia,2013,  137 916,70 - 79,  13 579
Asia,2013,  137 916,80 - 89,  7 124
Asia,2013,  137 916,90 - 99,  1 507
Asia,2014,  140 400,0 - 9,  1 023
Asia,2014,  140 400,10 - 19,  5 156
Asia,2014,  140 400,20 - 29,  17 784
Asia,2014,  140 400,30 - 39,  11 934
Asia,2014,  140 400,40 - 49,  24 162
Asia,2014,  140 400,50 - 59,  22 188
Asia,2014,  140 400,60 - 69,  35 343
Asia,2014,  140 400,70 - 79,  13 847
Asia,2014,  140 400,80 - 89,  7 369
Asia,2014,  140 400,90 - 99,  1 593
Asia,2015,  143 283,0 - 9,974
Asia,2015,  143 283,10 - 19,  5 097
Asia,2015,  143 283,20 - 29,  17 898
Asia,2015,  143 283,30 - 39,  12 160
Asia,2015,  143 283,40 - 49,  24 698
Asia,2015,  143 283,50 - 59,  22 736
Asia,2015,  143 283,60 - 69,  36 244
Asia,2015,  143 283,70 - 79,  14 148
Asia,2015,  143 283,80 - 89,  7 635
Asia,2015,  143 283,90 - 99,  1 692
Asia,2016,  146 187,0 - 9,912
Asia,2016,  146 187,10 - 19,  5 014
Asia,2016,  146 187,20 - 29,  17 960
Asia,2016,  146 187,30 - 39,  12 372
Asia,2016,  146 187,40 - 49,  25 251
Asia,2016,  146 187,50 - 59,  23 306
Asia,2016,  146 187,60 - 69,  37 206
Asia,2016,  146 187,70 - 79,  14 473
Asia,2016,  146 187,80 - 89,  7 902
Asia,2016,  146 187,90 - 99,  1 790
Asia,2017,  150 103,0 - 9,859
Asia,2017,  150 103,10 - 19,  4 941
Asia,2017,  150 103,20 - 29,  18 050
Asia,2017,  150 103,30 - 39,  12 627
Asia,2017,  150 103,40 - 49,  25 990
Asia,2017,  150 103,50 - 59,  24 054
Asia,2017,  150 103,60 - 69,  38 511
Asia,2017,  150 103,70 - 79,  14 939
Asia,2017,  150 103,80 - 89,  8 231
Asia,2017,  150 103,90 - 99,  1 900
Asia,2018,  151 953,0 - 9,816
Asia,2018,  151 953,10 - 19,  4 823
Asia,2018,  151 953,20 - 29,  17 926
Asia,2018,  151 953,30 - 39,  12 709
Asia,2018,  151 953,40 - 49,  26 355
Asia,2018,  151 953,50 - 59,  24 457
Asia,2018,  151 953,60 - 69,  39 259
Asia,2018,  151 953,70 - 79,  15 196
Asia,2018,  151 953,80 - 89,  8 420
Asia,2018,  151 953,90 - 99,  1 992
Asia,2019,  154 948,0 - 9,770
Asia,2019,  154 948,10 - 19,  4 702
Asia,2019,  154 948,20 - 29,  17 875
Asia,2019,  154 948,30 - 39,  12 837
Asia,2019,  154 948,40 - 49,  26 938
Asia,2019,  154 948,50 - 59,  25 071
Asia,2019,  154 948,60 - 69,  40 359
Asia,2019,  154 948,70 - 79,  15 622
Asia,2019,  154 948,80 - 89,  8 672
Asia,2019,  154 948,90 - 99,  2 101
Asia,2020,  168 027,0 - 9,721
Asia,2020,  168 027,10 - 19,  4 657
Asia,2020,  168 027,20 - 29,  18 872
Asia,2020,  168 027,30 - 39,  13 923
Asia,2020,  168 027,40 - 49,  29 451
Asia,2020,  168 027,50 - 59,  27 501
Asia,2020,  168 027,60 - 69,  44 208
Asia,2020,  168 027,70 - 79,  16 999
Asia,2020,  168 027,80 - 89,  9 372
Asia,2020,  168 027,90 - 99,  2 324
Asia,2021,  191 740,0 - 9,689
Asia,2021,  191 740,10 - 19,  5 309
Asia,2021,  191 740,20 - 29,  22 157
Asia,2021,  191 740,30 - 39,  16 347
Asia,2021,  191 740,40 - 49,  33 735
Asia,2021,  191 740,50 - 59,  31 411
Asia,2021,  191 740,60 - 69,  50 039
Asia,2021,  191 740,70 - 79,  19 128
Asia,2021,  191 740,80 - 89,  10 333
Asia,2021,  191 740,90 - 99,  2 593
Asia,2022,  166 812,0 - 9,659
Asia,2022,  166 812,10 - 19,  4 487
Asia,2022,  166 812,20 - 29,  18 106
Asia,2022,  166 812,30 - 39,  13 335
Asia,2022,  166 812,40 - 49,  29 180
Asia,2022,  166 812,50 - 59,  27 340
Asia,2022,  166 812,60 - 69,  44 365
Asia,2022,  166 812,70 - 79,  17 308
Asia,2022,  166 812,80 - 89,  9 576
Asia,2022,  166 812,90 - 99,  2 456
Asia,2023,  171 228,0 - 9,646
Asia,2023,  171 228,10 - 19,  4 405
Asia,2023,  171 228,20 - 29,  18 011
Asia,2023,  171 228,30 - 39,  13 377
Asia,2023,  171 228,40 - 49,  30 000
Asia,2023,  171 228,50 - 59,  28 195
Asia,2023,  171 228,60 - 69,  46 027
Asia,2023,  171 228,70 - 79,  18 061
Asia,2023,  171 228,80 - 89,  9 939
Asia,2023,  171 228,90 - 99,  2 567
Europe,2000,  44 767,0 - 9,38
Europe,2000,  44 767,10 - 19,  1 039
Europe,2000,  44 767,20 - 29,  3 993
Europe,2000,  44 767,30 - 39,  3 012
Europe,2000,  44 767,40 - 49,  7 883
Europe,2000,  44 767,50 - 59,  7 370
Europe,2000,  44 767,60 - 69,  12 610
Europe,2000,  44 767,70 - 79,  5 183
Europe,2000,  44 767,80 - 89,  2 851
Europe,2000,  44 767,90 - 99,788
Europe,2001,  44 763,0 - 9,36
Europe,2001,  44 763,10 - 19,  1 028
Europe,2001,  44 763,20 - 29,  4 005
Europe,2001,  44 763,30 - 39,  3 007
Europe,2001,  44 763,40 - 49,  7 894
Europe,2001,  44 763,50 - 59,  7 368
Europe,2001,  44 763,60 - 69,  12 586
Europe,2001,  44 763,70 - 79,  5 188
Europe,2001,  44 763,80 - 89,  2 843
Europe,2001,  44 763,90 - 99,807
Europe,2002,  45 652,0 - 9,33
Europe,2002,  45 652,10 - 19,  1 033
Europe,2002,  45 652,20 - 29,  4 062
Europe,2002,  45 652,30 - 39,  3 041
Europe,2002,  45 652,40 - 49,  8 052
Europe,2002,  45 652,50 - 59,  7 510
Europe,2002,  45 652,60 - 69,  12 831
Europe,2002,  45 652,70 - 79,  5 309
Europe,2002,  45 652,80 - 89,  2 926
Europe,2002,  45 652,90 - 99,855
Europe,2003,  46 499,0 - 9,31
Europe,2003,  46 499,10 - 19,  1 037
Europe,2003,  46 499,20 - 29,  4 112
Europe,2003,  46 499,30 - 39,  3 067
Europe,2003,  46 499,40 - 49,  8 192
Europe,2003,  46 499,50 - 59,  7 641
Europe,2003,  46 499,60 - 69,  13 055
Europe,2003,  46 499,70 - 79,  5 422
Europe,2003,  46 499,80 - 89,  3 038
Europe,2003,  46 499,90 - 99,904
Europe,2004,  45 077,0 - 9,28
Europe,2004,  45 077,10 - 19,  1 022
Europe,2004,  45 077,20 - 29,  4 064
Europe,2004,  45 077,30 - 39,  3 015
Europe,2004,  45 077,40 - 49,  7 940
Europe,2004,  45 077,50 - 59,  7 396
Europe,2004,  45 077,60 - 69,  12 585
Europe,2004,  45 077,70 - 79,  5 217
Europe,2004,  45 077,80 - 89,  2 942
Europe,2004,  45 077,90 - 99,868
Europe,2005,  45 595,0 - 9,27
Europe,2005,  45 595,10 - 19,  1 015
Europe,2005,  45 595,20 - 29,  4 092
Europe,2005,  45 595,30 - 39,  3 017
Europe,2005,  45 595,40 - 49,  8 020
Europe,2005,  45 595,50 - 59,  7 479
Europe,2005,  45 595,60 - 69,  12 712
Europe,2005,  45 595,70 - 79,  5 294
Europe,2005,  45 595,80 - 89,  3 044
Europe,2005,  45 595,90 - 99,895
Europe,2006,  44 417,0 - 9,25
Europe,2006,  44 417,10 - 19,947
Europe,2006,  44 417,20 - 29,  3 908
Europe,2006,  44 417,30 - 39,  2 874
Europe,2006,  44 417,40 - 49,  7 808
Europe,2006,  44 417,50 - 59,  7 310
Europe,2006,  44 417,60 - 69,  12 432
Europe,2006,  44 417,70 - 79,  5 208
Europe,2006,  44 417,80 - 89,  3 047
Europe,2006,  44 417,90 - 99,857
Europe,2007,  44 220,0 - 9,24
Europe,2007,  44 220,10 - 19,901
Europe,2007,  44 220,20 - 29,  3 798
Europe,2007,  44 220,30 - 39,  2 776
Europe,2007,  44 220,40 - 49,  7 767
Europe,2007,  44 220,50 - 59,  7 298
Europe,2007,  44 220,60 - 69,  12 431
Europe,2007,  44 220,70 - 79,  5 254
Europe,2007,  44 220,80 - 89,  3 131
Europe,2007,  44 220,90 - 99,841
Europe,2008,  44 384,0 - 9,22
Europe,2008,  44 384,10 - 19,864
Europe,2008,  44 384,20 - 29,  3 754
Europe,2008,  44 384,30 - 39,  2 714
Europe,2008,  44 384,40 - 49,  7 791
Europe,2008,  44 384,50 - 59,  7 341
Europe,2008,  44 384,60 - 69,  12 498
Europe,2008,  44 384,70 - 79,  5 333
Europe,2008,  44 384,80 - 89,  3 234
Europe,2008,  44 384,90 - 99,832
Europe,2009,  44 056,0 - 9,22
Europe,2009,  44 056,10 - 19,803
Europe,2009,  44 056,20 - 29,  3 629
Europe,2009,  44 056,30 - 39,  2 612
Europe,2009,  44 056,40 - 49,  7 731
Europe,2009,  44 056,50 - 59,  7 314
Europe,2009,  44 056,60 - 69,  12 461
Europe,2009,  44 056,70 - 79,  5 361
Europe,2009,  44 056,80 - 89,  3 303
Europe,2009,  44 056,90 - 99,822
Europe,2010,  44 439,0 - 9,25
Europe,2010,  44 439,10 - 19,783
Europe,2010,  44 439,20 - 29,  3 628
Europe,2010,  44 439,30 - 39,  2 586
Europe,2010,  44 439,40 - 49,  7 786
Europe,2010,  44 439,50 - 59,  7 381
Europe,2010,  44 439,60 - 69,  12 560
Europe,2010,  44 439,70 - 79,  5 439
Europe,2010,  44 439,80 - 89,  3 397
Europe,2010,  44 439,90 - 99,854
Europe,2011,  43 515,0 - 9,20
Europe,2011,  43 515,10 - 19,715
Europe,2011,  43 515,20 - 29,  3 444
Europe,2011,  43 515,30 - 39,  2 465
Europe,2011,  43 515,40 - 49,  7 613
Europe,2011,  43 515,50 - 59,  7 241
Europe,2011,  43 515,60 - 69,  12 346
Europe,2011,  43 515,70 - 79,  5 369
Europe,2011,  43 515,80 - 89,  3 409
Europe,2011,  43 515,90 - 99,891
Europe,2012,  44 284,0 - 9,20
Europe,2012,  44 284,10 - 19,679
Europe,2012,  44 284,20 - 29,  3 351
Europe,2012,  44 284,30 - 39,  2 433
Europe,2012,  44 284,40 - 49,  7 727
Europe,2012,  44 284,50 - 59,  7 374
Europe,2012,  44 284,60 - 69,  12 642
Europe,2012,  44 284,70 - 79,  5 507
Europe,2012,  44 284,80 - 89,  3 572
Europe,2012,  44 284,90 - 99,979
Europe,2013,  44 047,0 - 9,19
Europe,2013,  44 047,10 - 19,651
Europe,2013,  44 047,20 - 29,  3 272
Europe,2013,  44 047,30 - 39,  2 420
Europe,2013,  44 047,40 - 49,  7 676
Europe,2013,  44 047,50 - 59,  7 338
Europe,2013,  44 047,60 - 69,  12 603
Europe,2013,  44 047,70 - 79,  5 466
Europe,2013,  44 047,80 - 89,  3 583
Europe,2013,  44 047,90 - 99,  1 019
Europe,2014,  43 855,0 - 9,18
Europe,2014,  43 855,10 - 19,640
Europe,2014,  43 855,20 - 29,  3 232
Europe,2014,  43 855,30 - 39,  2 435
Europe,2014,  43 855,40 - 49,  7 636
Europe,2014,  43 855,50 - 59,  7 304
Europe,2014,  43 855,60 - 69,  12 557
Europe,2014,  43 855,70 - 79,  5 411
Europe,2014,  43 855,80 - 89,  3 569
Europe,2014,  43 855,90 - 99,  1 053
Europe,2015,  45 224,0 - 9,18
Europe,2015,  45 224,10 - 19,606
Europe,2015,  45 224,20 - 29,  3 153
Europe,2015,  45 224,30 - 39,  2 455
Europe,2015,  45 224,40 - 49,  7 862
Europe,2015,  45 224,50 - 59,  7 541
Europe,2015,  45 224,60 - 69,  13 055
Europe,2015,  45 224,70 - 79,  5 607
Europe,2015,  45 224,80 - 89,  3 761
Europe,2015,  45 224,90 - 99,  1 166
Europe,2016,  44 599,0 - 9,17
Europe,2016,  44 599,10 - 19,576
Europe,2016,  44 599,20 - 29,  3 052
Europe,2016,  44 599,30 - 39,  2 437
Europe,2016,  44 599,40 - 49,  7 756
Europe,2016,  44 599,50 - 59,  7 445
Europe,2016,  44 599,60 - 69,  12 912
Europe,2016,  44 599,70 - 79,  5 507
Europe,2016,  44 599,80 - 89,  3 717
Europe,2016,  44 599,90 - 99,  1 180
Europe,2017,  45 078,0 - 9,17
Europe,2017,  45 078,10 - 19,546
Europe,2017,  45 078,20 - 29,  2 922
Europe,2017,  45 078,30 - 39,  2 377
Europe,2017,  45 078,40 - 49,  7 817
Europe,2017,  45 078,50 - 59,  7 520
Europe,2017,  45 078,60 - 69,  13 138
Europe,2017,  45 078,70 - 79,  5 618
Europe,2017,  45 078,80 - 89,  3 856
Europe,2017,  45 078,90 - 99,  1 269
Europe,2018,  45 713,0 - 9,16
Europe,2018,  45 713,10 - 19,544
Europe,2018,  45 713,20 - 29,  2 924
Europe,2018,  45 713,30 - 39,  2 403
Europe,2018,  45 713,40 - 49,  7 919
Europe,2018,  45 713,50 - 59,  7 619
Europe,2018,  45 713,60 - 69,  13 334
Europe,2018,  45 713,70 - 79,  5 693
Europe,2018,  45 713,80 - 89,  3 940
Europe,2018,  45 713,90 - 99,  1 321
Europe,2019,  45 522,0 - 9,15
Europe,2019,  45 522,10 - 19,537
Europe,2019,  45 522,20 - 29,  2 880
Europe,2019,  45 522,30 - 39,  2 388
Europe,2019,  45 522,40 - 49,  7 881
Europe,2019,  45 522,50 - 59,  7 583
Europe,2019,  45 522,60 - 69,  13 293
Europe,2019,  45 522,70 - 79,  5 666
Europe,2019,  45 522,80 - 89,  3 936
Europe,2019,  45 522,90 - 99,  1 343
Europe,2020,  51 678,0 - 9,14
Europe,2020,  51 678,10 - 19,570
Europe,2020,  51 678,20 - 29,  3 070
Europe,2020,  51 678,30 - 39,  2 646
Europe,2020,  51 678,40 - 49,  8 942
Europe,2020,  51 678,50 - 59,  8 631
Europe,2020,  51 678,60 - 69,  15 267
Europe,2020,  51 678,70 - 79,  6 490
Europe,2020,  51 678,80 - 89,  4 510
Europe,2020,  51 678,90 - 99,  1 539
Europe,2021,  53 635,0 - 9,16
Europe,2021,  53 635,10 - 19,600
Europe,2021,  53 635,20 - 29,  3 286
Europe,2021,  53 635,30 - 39,  2 865
Europe,2021,  53 635,40 - 49,  9 348
Europe,2021,  53 635,50 - 59,  9 004
Europe,2021,  53 635,60 - 69,  15 856
Europe,2021,  53 635,70 - 79,  6 673
Europe,2021,  53 635,80 - 89,  4 498
Europe,2021,  53 635,90 - 99,  1 490
Europe,2022,  49 473,0 - 9,17
Europe,2022,  49 473,10 - 19,594
Europe,2022,  49 473,20 - 29,  2 972
Europe,2022,  49 473,30 - 39,  2 519
Europe,2022,  49 473,40 - 49,  8 531
Europe,2022,  49 473,50 - 59,  8 217
Europe,2022,  49 473,60 - 69,  14 569
Europe,2022,  49 473,70 - 79,  6 212
Europe,2022,  49 473,80 - 89,  4 299
Europe,2022,  49 473,90 - 99,  1 543
Europe,2023,  46 655,0 - 9,13
Europe,2023,  46 655,10 - 19,561
Europe,2023,  46 655,20 - 29,  2 791
Europe,2023,  46 655,30 - 39,  2 332
Europe,2023,  46 655,40 - 49,  8 035
Europe,2023,  46 655,50 - 59,  7 738
Europe,2023,  46 655,60 - 69,  13 725
Europe,2023,  46 655,70 - 79,  5 886
Europe,2023,  46 655,80 - 89,  4 082
Europe,2023,  46 655,90 - 99,  1 491
South America,2000,  9 639,0 - 9,85
South America,2000,  9 639,10 - 19,537
South America,2000,  9 639,20 - 29,  1 481
South America,2000,  9 639,30 - 39,909
South America,2000,  9 639,40 - 49,  1 596
South America,2000,  9 639,50 - 59,  1 436
South America,2000,  9 639,60 - 69,  2 262
South America,2000,  9 639,70 - 79,860
South America,2000,  9 639,80 - 89,399
South America,2000,  9 639,90 - 99,74
South America,2001,  9 852,0 - 9,80
South America,2001,  9 852,10 - 19,547
South America,2001,  9 852,20 - 29,  1 512
South America,2001,  9 852,30 - 39,925
South America,2001,  9 852,40 - 49,  1 633
South America,2001,  9 852,50 - 59,  1 469
South America,2001,  9 852,60 - 69,  2 313
South America,2001,  9 852,70 - 79,884
South America,2001,  9 852,80 - 89,411
South America,2001,  9 852,90 - 99,78
South America,2002,  9 948,0 - 9,75
South America,2002,  9 948,10 - 19,542
South America,2002,  9 948,20 - 29,  1 508
South America,2002,  9 948,30 - 39,923
South America,2002,  9 948,40 - 49,  1 652
South America,2002,  9 948,50 - 59,  1 488
South America,2002,  9 948,60 - 69,  2 347
South America,2002,  9 948,70 - 79,902
South America,2002,  9 948,80 - 89,426
South America,2002,  9 948,90 - 99,84
South America,2003,  10 158,0 - 9,70
South America,2003,  10 158,10 - 19,544
South America,2003,  10 158,20 - 29,  1 523
South America,2003,  10 158,30 - 39,930
South America,2003,  10 158,40 - 49,  1 689
South America,2003,  10 158,50 - 59,  1 523
South America,2003,  10 158,60 - 69,  2 406
South America,2003,  10 158,70 - 79,932
South America,2003,  10 158,80 - 89,450
South America,2003,  10 158,90 - 99,91
South America,2004,  10 248,0 - 9,66
South America,2004,  10 248,10 - 19,540
South America,2004,  10 248,20 - 29,  1 523
South America,2004,  10 248,30 - 39,929
South America,2004,  10 248,40 - 49,  1 705
South America,2004,  10 248,50 - 59,  1 539
South America,2004,  10 248,60 - 69,  2 433
South America,2004,  10 248,70 - 79,948
South America,2004,  10 248,80 - 89,468
South America,2004,  10 248,90 - 99,97
South America,2005,  10 354,0 - 9,62
South America,2005,  10 354,10 - 19,538
South America,2005,  10 354,20 - 29,  1 530
South America,2005,  10 354,30 - 39,933
South America,2005,  10 354,40 - 49,  1 724
South America,2005,  10 354,50 - 59,  1 556
South America,2005,  10 354,60 - 69,  2 461
South America,2005,  10 354,70 - 79,963
South America,2005,  10 354,80 - 89,485
South America,2005,  10 354,90 - 99,102
South America,2006,  10 551,0 - 9,59
South America,2006,  10 551,10 - 19,543
South America,2006,  10 551,20 - 29,  1 549
South America,2006,  10 551,30 - 39,942
South America,2006,  10 551,40 - 49,  1 756
South America,2006,  10 551,50 - 59,  1 586
South America,2006,  10 551,60 - 69,  2 511
South America,2006,  10 551,70 - 79,988
South America,2006,  10 551,80 - 89,508
South America,2006,  10 551,90 - 99,109
South America,2007,  10 821,0 - 9,55
South America,2007,  10 821,10 - 19,545
South America,2007,  10 821,20 - 29,  1 566
South America,2007,  10 821,30 - 39,954
South America,2007,  10 821,40 - 49,  1 802
South America,2007,  10 821,50 - 59,  1 631
South America,2007,  10 821,60 - 69,  2 589
South America,2007,  10 821,70 - 79,  1 024
South America,2007,  10 821,80 - 89,539
South America,2007,  10 821,90 - 99,117
South America,2008,  10 990,0 - 9,53
South America,2008,  10 990,10 - 19,553
South America,2008,  10 990,20 - 29,  1 592
South America,2008,  10 990,30 - 39,966
South America,2008,  10 990,40 - 49,  1 827
South America,2008,  10 990,50 - 59,  1 655
South America,2008,  10 990,60 - 69,  2 623
South America,2008,  10 990,70 - 79,  1 040
South America,2008,  10 990,80 - 89,557
South America,2008,  10 990,90 - 99,123
South America,2009,  11 202,0 - 9,50
South America,2009,  11 202,10 - 19,555
South America,2009,  11 202,20 - 29,  1 612
South America,2009,  11 202,30 - 39,981
South America,2009,  11 202,40 - 49,  1 864
South America,2009,  11 202,50 - 59,  1 691
South America,2009,  11 202,60 - 69,  2 678
South America,2009,  11 202,70 - 79,  1 064
South America,2009,  11 202,80 - 89,578
South America,2009,  11 202,90 - 99,129
South America,2010,  11 428,0 - 9,48
South America,2010,  11 428,10 - 19,550
South America,2010,  11 428,20 - 29,  1 616
South America,2010,  11 428,30 - 39,988
South America,2010,  11 428,40 - 49,  1 904
South America,2010,  11 428,50 - 59,  1 732
South America,2010,  11 428,60 - 69,  2 751
South America,2010,  11 428,70 - 79,  1 096
South America,2010,  11 428,80 - 89,606
South America,2010,  11 428,90 - 99,138
South America,2011,  11 621,0 - 9,46
South America,2011,  11 621,10 - 19,550
South America,2011,  11 621,20 - 29,  1 625
South America,2011,  11 621,30 - 39,997
South America,2011,  11 621,40 - 49,  1 937
South America,2011,  11 621,50 - 59,  1 766
South America,2011,  11 621,60 - 69,  2 808
South America,2011,  11 621,70 - 79,  1 119
South America,2011,  11 621,80 - 89,627
South America,2011,  11 621,90 - 99,145
South America,2012,  11 887,0 - 9,44
South America,2012,  11 887,10 - 19,546
South America,2012,  11 887,20 - 29,  1 630
South America,2012,  11 887,30 - 39,  1 009
South America,2012,  11 887,40 - 49,  1 985
South America,2012,  11 887,50 - 59,  1 815
South America,2012,  11 887,60 - 69,  2 894
South America,2012,  11 887,70 - 79,  1 154
South America,2012,  11 887,80 - 89,655
South America,2012,  11 887,90 - 99,155
South America,2013,  12 107,0 - 9,43
South America,2013,  12 107,10 - 19,540
South America,2013,  12 107,20 - 29,  1 630
South America,2013,  12 107,30 - 39,  1 017
South America,2013,  12 107,40 - 49,  2 025
South America,2013,  12 107,50 - 59,  1 858
South America,2013,  12 107,60 - 69,  2 969
South America,2013,  12 107,70 - 79,  1 184
South America,2013,  12 107,80 - 89,678
South America,2013,  12 107,90 - 99,162
South America,2014,  12 314,0 - 9,41
South America,2014,  12 314,10 - 19,538
South America,2014,  12 314,20 - 29,  1 633
South America,2014,  12 314,30 - 39,  1 027
South America,2014,  12 314,40 - 49,  2 062
South America,2014,  12 314,50 - 59,  1 897
South America,2014,  12 314,60 - 69,  3 040
South America,2014,  12 314,70 - 79,  1 211
South America,2014,  12 314,80 - 89,695
South America,2014,  12 314,90 - 99,169
South America,2015,  12 537,0 - 9,40
South America,2015,  12 537,10 - 19,528
South America,2015,  12 537,20 - 29,  1 620
South America,2015,  12 537,30 - 39,  1 032
South America,2015,  12 537,40 - 49,  2 105
South America,2015,  12 537,50 - 59,  1 942
South America,2015,  12 537,60 - 69,  3 126
South America,2015,  12 537,70 - 79,  1 245
South America,2015,  12 537,80 - 89,721
South America,2015,  12 537,90 - 99,179
South America,2016,  13 098,0 - 9,39
South America,2016,  13 098,10 - 19,542
South America,2016,  13 098,20 - 29,  1 669
South America,2016,  13 098,30 - 39,  1 069
South America,2016,  13 098,40 - 49,  2 201
South America,2016,  13 098,50 - 59,  2 035
South America,2016,  13 098,60 - 69,  3 286
South America,2016,  13 098,70 - 79,  1 309
South America,2016,  13 098,80 - 89,757
South America,2016,  13 098,90 - 99,191
South America,2017,  13 300,0 - 9,39
South America,2017,  13 300,10 - 19,535
South America,2017,  13 300,20 - 29,  1 648
South America,2017,  13 300,30 - 39,  1 063
South America,2017,  13 300,40 - 49,  2 236
South America,2017,  13 300,50 - 59,  2 073
South America,2017,  13 300,60 - 69,  3 371
South America,2017,  13 300,70 - 79,  1 349
South America,2017,  13 300,80 - 89,785
South America,2017,  13 300,90 - 99,202
South America,2018,  13 507,0 - 9,38
South America,2018,  13 507,10 - 19,517
South America,2018,  13 507,20 - 29,  1 629
South America,2018,  13 507,30 - 39,  1 065
South America,2018,  13 507,40 - 49,  2 280
South America,2018,  13 507,50 - 59,  2 117
South America,2018,  13 507,60 - 69,  3 456
South America,2018,  13 507,70 - 79,  1 385
South America,2018,  13 507,80 - 89,809
South America,2018,  13 507,90 - 99,212
South America,2019,  13 892,0 - 9,36
South America,2019,  13 892,10 - 19,499
South America,2019,  13 892,20 - 29,  1 613
South America,2019,  13 892,30 - 39,  1 076
South America,2019,  13 892,40 - 49,  2 356
South America,2019,  13 892,50 - 59,  2 192
South America,2019,  13 892,60 - 69,  3 600
South America,2019,  13 892,70 - 79,  1 445
South America,2019,  13 892,80 - 89,848
South America,2019,  13 892,90 - 99,226
South America,2020,  16 582,0 - 9,34
South America,2020,  16 582,10 - 19,530
South America,2020,  16 582,20 - 29,  1 865
South America,2020,  16 582,30 - 39,  1 300
South America,2020,  16 582,40 - 49,  2 850
South America,2020,  16 582,50 - 59,  2 657
South America,2020,  16 582,60 - 69,  4 347
South America,2020,  16 582,70 - 79,  1 725
South America,2020,  16 582,80 - 89,  1 000
South America,2020,  16 582,90 - 99,273
South America,2021,  18 795,0 - 9,34
South America,2021,  18 795,10 - 19,636
South America,2021,  18 795,20 - 29,  2 323
South America,2021,  18 795,30 - 39,  1 613
South America,2021,  18 795,40 - 49,  3 254
South America,2021,  18 795,50 - 59,  2 998
South America,2021,  18 795,60 - 69,  4 776
South America,2021,  18 795,70 - 79,  1 853
South America,2021,  18 795,80 - 89,  1 031
South America,2021,  18 795,90 - 99,278
South America,2022,  16 276,0 - 9,33
South America,2022,  16 276,10 - 19,534
South America,2022,  16 276,20 - 29,  1 793
South America,2022,  16 276,30 - 39,  1 224
South America,2022,  16 276,40 - 49,  2 772
South America,2022,  16 276,50 - 59,  2 582
South America,2022,  16 276,60 - 69,  4 273
South America,2022,  16 276,70 - 79,  1 726
South America,2022,  16 276,80 - 89,  1 038
South America,2022,  16 276,90 - 99,301
South America,2023,  15 063,0 - 9,31
South America,2023,  15 063,10 - 19,505
South America,2023,  15 063,20 - 29,  1 663
South America,2023,  15 063,30 - 39,  1 133
South America,2023,  15 063,40 - 49,  2 568
South America,2023,  15 063,50 - 59,  2 393
South America,2023,  15 063,60 - 69,  3 970
South America,2023,  15 063,70 - 79,  1 601
South America,2023,  15 063,80 - 89,947
South America,2023,  15 063,90 - 99,253
Northern America,2000,  14 431,0 - 9,13
Northern America,2000,  14 431,10 - 19,286
Northern America,2000,  14 431,20 - 29,  1 076
Northern America,2000,  14 431,30 - 39,774
Northern America,2000,  14 431,40 - 49,  2 485
Northern America,2000,  14 431,50 - 59,  2 351
Northern America,2000,  14 431,60 - 69,  4 129
Northern America,2000,  14 431,70 - 79,  1 794
Northern America,2000,  14 431,80 - 89,  1 154
Northern America,2000,  14 431,90 - 99,368
Northern America,2001,  14 506,0 - 9,13
Northern America,2001,  14 506,10 - 19,294
Northern America,2001,  14 506,20 - 29,  1 105
Northern America,2001,  14 506,30 - 39,784
Northern America,2001,  14 506,40 - 49,  2 494
Northern America,2001,  14 506,50 - 59,  2 355
Northern America,2001,  14 506,60 - 69,  4 124
Northern America,2001,  14 506,70 - 79,  1 796
Northern America,2001,  14 506,80 - 89,  1 168
Northern America,2001,  14 506,90 - 99,373
Northern America,2002,  14 716,0 - 9,13
Northern America,2002,  14 716,10 - 19,297
Northern America,2002,  14 716,20 - 29,  1 130
Northern America,2002,  14 716,30 - 39,795
Northern America,2002,  14 716,40 - 49,  2 529
Northern America,2002,  14 716,50 - 59,  2 386
Northern America,2002,  14 716,60 - 69,  4 165
Northern America,2002,  14 716,70 - 79,  1 817
Northern America,2002,  14 716,80 - 89,  1 198
Northern America,2002,  14 716,90 - 99,386
Northern America,2003,  14 768,0 - 9,13
Northern America,2003,  14 768,10 - 19,299
Northern America,2003,  14 768,20 - 29,  1 152
Northern America,2003,  14 768,30 - 39,807
Northern America,2003,  14 768,40 - 49,  2 537
Northern America,2003,  14 768,50 - 59,  2 392
Northern America,2003,  14 768,60 - 69,  4 158
Northern America,2003,  14 768,70 - 79,  1 812
Northern America,2003,  14 768,80 - 89,  1 207
Northern America,2003,  14 768,90 - 99,391
Northern America,2004,  14 519,0 - 9,12
Northern America,2004,  14 519,10 - 19,293
Northern America,2004,  14 519,20 - 29,  1 149
Northern America,2004,  14 519,30 - 39,802
Northern America,2004,  14 519,40 - 49,  2 494
Northern America,2004,  14 519,50 - 59,  2 351
Northern America,2004,  14 519,60 - 69,  4 069
Northern America,2004,  14 519,70 - 79,  1 771
Northern America,2004,  14 519,80 - 89,  1 190
Northern America,2004,  14 519,90 - 99,386
Northern America,2005,  14 853,0 - 9,12
Northern America,2005,  14 853,10 - 19,298
Northern America,2005,  14 853,20 - 29,  1 183
Northern America,2005,  14 853,30 - 39,821
Northern America,2005,  14 853,40 - 49,  2 548
Northern America,2005,  14 853,50 - 59,  2 404
Northern America,2005,  14 853,60 - 69,  4 146
Northern America,2005,  14 853,70 - 79,  1 807
Northern America,2005,  14 853,80 - 89,  1 230
Northern America,2005,  14 853,90 - 99,405
Northern America,2006,  14 735,0 - 9,11
Northern America,2006,  14 735,10 - 19,298
Northern America,2006,  14 735,20 - 29,  1 196
Northern America,2006,  14 735,30 - 39,827
Northern America,2006,  14 735,40 - 49,  2 525
Northern America,2006,  14 735,50 - 59,  2 383
Northern America,2006,  14 735,60 - 69,  4 090
Northern America,2006,  14 735,70 - 79,  1 779
Northern America,2006,  14 735,80 - 89,  1 219
Northern America,2006,  14 735,90 - 99,405
Northern America,2007,  14 775,0 - 9,12
Northern America,2007,  14 775,10 - 19,291
Northern America,2007,  14 775,20 - 29,  1 194
Northern America,2007,  14 775,30 - 39,834
Northern America,2007,  14 775,40 - 49,  2 532
Northern America,2007,  14 775,50 - 59,  2 394
Northern America,2007,  14 775,60 - 69,  4 102
Northern America,2007,  14 775,70 - 79,  1 778
Northern America,2007,  14 775,80 - 89,  1 229
Northern America,2007,  14 775,90 - 99,411
Northern America,2008,  15 120,0 - 9,11
Northern America,2008,  15 120,10 - 19,283
Northern America,2008,  15 120,20 - 29,  1 199
Northern America,2008,  15 120,30 - 39,851
Northern America,2008,  15 120,40 - 49,  2 591
Northern America,2008,  15 120,50 - 59,  2 456
Northern America,2008,  15 120,60 - 69,  4 210
Northern America,2008,  15 120,70 - 79,  1 819
Northern America,2008,  15 120,80 - 89,  1 268
Northern America,2008,  15 120,90 - 99,432
Northern America,2009,  14 933,0 - 9,11
Northern America,2009,  14 933,10 - 19,277
Northern America,2009,  14 933,20 - 29,  1 205
Northern America,2009,  14 933,30 - 39,861
Northern America,2009,  14 933,40 - 49,  2 561
Northern America,2009,  14 933,50 - 59,  2 429
Northern America,2009,  14 933,60 - 69,  4 141
Northern America,2009,  14 933,70 - 79,  1 779
Northern America,2009,  14 933,80 - 89,  1 243
Northern America,2009,  14 933,90 - 99,426
Northern America,2010,  15 183,0 - 9,10
Northern America,2010,  15 183,10 - 19,267
Northern America,2010,  15 183,20 - 29,  1 194
Northern America,2010,  15 183,30 - 39,865
Northern America,2010,  15 183,40 - 49,  2 602
Northern America,2010,  15 183,50 - 59,  2 476
Northern America,2010,  15 183,60 - 69,  4 227
Northern America,2010,  15 183,70 - 79,  1 814
Northern America,2010,  15 183,80 - 89,  1 278
Northern America,2010,  15 183,90 - 99,451
Northern America,2011,  15 513,0 - 9,10
Northern America,2011,  15 513,10 - 19,267
Northern America,2011,  15 513,20 - 29,  1 215
Northern America,2011,  15 513,30 - 39,885
Northern America,2011,  15 513,40 - 49,  2 656
Northern America,2011,  15 513,50 - 59,  2 531
Northern America,2011,  15 513,60 - 69,  4 317
Northern America,2011,  15 513,70 - 79,  1 849
Northern America,2011,  15 513,80 - 89,  1 310
Northern America,2011,  15 513,90 - 99,473
Northern America,2012,  15 602,0 - 9,10
Northern America,2012,  15 602,10 - 19,263
Northern America,2012,  15 602,20 - 29,  1 223
Northern America,2012,  15 602,30 - 39,902
Northern America,2012,  15 602,40 - 49,  2 673
Northern America,2012,  15 602,50 - 59,  2 553
Northern America,2012,  15 602,60 - 69,  4 344
Northern America,2012,  15 602,70 - 79,  1 850
Northern America,2012,  15 602,80 - 89,  1 307
Northern America,2012,  15 602,90 - 99,477
Northern America,2013,  15 870,0 - 9,10
Northern America,2013,  15 870,10 - 19,261
Northern America,2013,  15 870,20 - 29,  1 237
Northern America,2013,  15 870,30 - 39,924
Northern America,2013,  15 870,40 - 49,  2 722
Northern America,2013,  15 870,50 - 59,  2 603
Northern America,2013,  15 870,60 - 69,  4 430
Northern America,2013,  15 870,70 - 79,  1 879
Northern America,2013,  15 870,80 - 89,  1 318
Northern America,2013,  15 870,90 - 99,487
Northern America,2014,  15 995,0 - 9,10
Northern America,2014,  15 995,10 - 19,264
Northern America,2014,  15 995,20 - 29,  1 261
Northern America,2014,  15 995,30 - 39,947
Northern America,2014,  15 995,40 - 49,  2 745
Northern America,2014,  15 995,50 - 59,  2 628
Northern America,2014,  15 995,60 - 69,  4 461
Northern America,2014,  15 995,70 - 79,  1 883
Northern America,2014,  15 995,80 - 89,  1 307
Northern America,2014,  15 995,90 - 99,490
Northern America,2015,  16 440,0 - 9,10
Northern America,2015,  16 440,10 - 19,274
Northern America,2015,  16 440,20 - 29,  1 291
Northern America,2015,  16 440,30 - 39,978
Northern America,2015,  16 440,40 - 49,  2 817
Northern America,2015,  16 440,50 - 59,  2 701
Northern America,2015,  16 440,60 - 69,  4 594
Northern America,2015,  16 440,70 - 79,  1 932
Northern America,2015,  16 440,80 - 89,  1 337
Northern America,2015,  16 440,90 - 99,507
Northern America,2016,  16 539,0 - 9,10
Northern America,2016,  16 539,10 - 19,292
Northern America,2016,  16 539,20 - 29,  1 333
Northern America,2016,  16 539,30 - 39,  1 009
Northern America,2016,  16 539,40 - 49,  2 832
Northern America,2016,  16 539,50 - 59,  2 713
Northern America,2016,  16 539,60 - 69,  4 606
Northern America,2016,  16 539,70 - 79,  1 926
Northern America,2016,  16 539,80 - 89,  1 316
Northern America,2016,  16 539,90 - 99,502
Northern America,2017,  16 960,0 - 9,10
Northern America,2017,  16 960,10 - 19,298
Northern America,2017,  16 960,20 - 29,  1 348
Northern America,2017,  16 960,30 - 39,  1 024
Northern America,2017,  16 960,40 - 49,  2 902
Northern America,2017,  16 960,50 - 59,  2 782
Northern America,2017,  16 960,60 - 69,  4 742
Northern America,2017,  16 960,70 - 79,  1 986
Northern America,2017,  16 960,80 - 89,  1 347
Northern America,2017,  16 960,90 - 99,521
Northern America,2018,  17 125,0 - 9,10
Northern America,2018,  17 125,10 - 19,294
Northern America,2018,  17 125,20 - 29,  1 339
Northern America,2018,  17 125,30 - 39,  1 029
Northern America,2018,  17 125,40 - 49,  2 935
Northern America,2018,  17 125,50 - 59,  2 816
Northern America,2018,  17 125,60 - 69,  4 814
Northern America,2018,  17 125,70 - 79,  2 014
Northern America,2018,  17 125,80 - 89,  1 349
Northern America,2018,  17 125,90 - 99,525
Northern America,2019,  17 242,0 - 9,10
Northern America,2019,  17 242,10 - 19,295
Northern America,2019,  17 242,20 - 29,  1 330
Northern America,2019,  17 242,30 - 39,  1 030
Northern America,2019,  17 242,40 - 49,  2 958
Northern America,2019,  17 242,50 - 59,  2 838
Northern America,2019,  17 242,60 - 69,  4 870
Northern America,2019,  17 242,70 - 79,  2 037
Northern America,2019,  17 242,80 - 89,  1 350
Northern America,2019,  17 242,90 - 99,524
Northern America,2020,  20 332,0 - 9,10
Northern America,2020,  20 332,10 - 19,362
Northern America,2020,  20 332,20 - 29,  1 580
Northern America,2020,  20 332,30 - 39,  1 222
Northern America,2020,  20 332,40 - 49,  3 491
Northern America,2020,  20 332,50 - 59,  3 344
Northern America,2020,  20 332,60 - 69,  5 753
Northern America,2020,  20 332,70 - 79,  2 405
Northern America,2020,  20 332,80 - 89,  1 570
Northern America,2020,  20 332,90 - 99,594
Northern America,2021,  20 755,0 - 9,11
Northern America,2021,  20 755,10 - 19,406
Northern America,2021,  20 755,20 - 29,  1 745
Northern America,2021,  20 755,30 - 39,  1 340
Northern America,2021,  20 755,40 - 49,  3 578
Northern America,2021,  20 755,50 - 59,  3 409
Northern America,2021,  20 755,60 - 69,  5 800
Northern America,2021,  20 755,70 - 79,  2 391
Northern America,2021,  20 755,80 - 89,  1 516
Northern America,2021,  20 755,90 - 99,560
Northern America,2022,  19 344,0 - 9,10
Northern America,2022,  19 344,10 - 19,337
Northern America,2022,  19 344,20 - 29,  1 536
Northern America,2022,  19 344,30 - 39,  1 192
Northern America,2022,  19 344,40 - 49,  3 332
Northern America,2022,  19 344,50 - 59,  3 195
Northern America,2022,  19 344,60 - 69,  5 454
Northern America,2022,  19 344,70 - 79,  2 266
Northern America,2022,  19 344,80 - 89,  1 454
Northern America,2022,  19 344,90 - 99,569
Northern America,2023,  18 147,0 - 9,9
Northern America,2023,  18 147,10 - 19,293
Northern America,2023,  18 147,20 - 29,  1 303
Northern America,2023,  18 147,30 - 39,  1 034
Northern America,2023,  18 147,40 - 49,  3 118
Northern America,2023,  18 147,50 - 59,  2 998
Northern America,2023,  18 147,60 - 69,  5 215
Northern America,2023,  18 147,70 - 79,  2 193
Northern America,2023,  18 147,80 - 89,  1 425
Northern America,2023,  18 147,90 - 99,560
Oceania,2000,  1 060,0 - 9,7
Oceania,2000,  1 060,10 - 19,33
Oceania,2000,  1 060,20 - 29,101
Oceania,2000,  1 060,30 - 39,67
Oceania,2000,  1 060,40 - 49,179
Oceania,2000,  1 060,50 - 59,168
Oceania,2000,  1 060,60 - 69,289
Oceania,2000,  1 060,70 - 79,123
Oceania,2000,  1 060,80 - 89,73
Oceania,2000,  1 060,90 - 99,20
Oceania,2001,  1 079,0 - 9,7
Oceania,2001,  1 079,10 - 19,33
Oceania,2001,  1 079,20 - 29,102
Oceania,2001,  1 079,30 - 39,67
Oceania,2001,  1 079,40 - 49,182
Oceania,2001,  1 079,50 - 59,171
Oceania,2001,  1 079,60 - 69,294
Oceania,2001,  1 079,70 - 79,125
Oceania,2001,  1 079,80 - 89,76
Oceania,2001,  1 079,90 - 99,21
Oceania,2002,  1 121,0 - 9,7
Oceania,2002,  1 121,10 - 19,33
Oceania,2002,  1 121,20 - 29,104
Oceania,2002,  1 121,30 - 39,69
Oceania,2002,  1 121,40 - 49,189
Oceania,2002,  1 121,50 - 59,177
Oceania,2002,  1 121,60 - 69,306
Oceania,2002,  1 121,70 - 79,131
Oceania,2002,  1 121,80 - 89,81
Oceania,2002,  1 121,90 - 99,23
Oceania,2003,  1 124,0 - 9,7
Oceania,2003,  1 124,10 - 19,34
Oceania,2003,  1 124,20 - 29,106
Oceania,2003,  1 124,30 - 39,69
Oceania,2003,  1 124,40 - 49,189
Oceania,2003,  1 124,50 - 59,177
Oceania,2003,  1 124,60 - 69,305
Oceania,2003,  1 124,70 - 79,131
Oceania,2003,  1 124,80 - 89,82
Oceania,2003,  1 124,90 - 99,24
Oceania,2004,  1 140,0 - 9,7
Oceania,2004,  1 140,10 - 19,34
Oceania,2004,  1 140,20 - 29,107
Oceania,2004,  1 140,30 - 39,70
Oceania,2004,  1 140,40 - 49,191
Oceania,2004,  1 140,50 - 59,180
Oceania,2004,  1 140,60 - 69,309
Oceania,2004,  1 140,70 - 79,132
Oceania,2004,  1 140,80 - 89,84
Oceania,2004,  1 140,90 - 99,25
Oceania,2005,  1 139,0 - 9,7
Oceania,2005,  1 139,10 - 19,35
Oceania,2005,  1 139,20 - 29,109
Oceania,2005,  1 139,30 - 39,71
Oceania,2005,  1 139,40 - 49,191
Oceania,2005,  1 139,50 - 59,179
Oceania,2005,  1 139,60 - 69,307
Oceania,2005,  1 139,70 - 79,131
Oceania,2005,  1 139,80 - 89,85
Oceania,2005,  1 139,90 - 99,26
Oceania,2006,  1 175,0 - 9,7
Oceania,2006,  1 175,10 - 19,35
Oceania,2006,  1 175,20 - 29,110
Oceania,2006,  1 175,30 - 39,72
Oceania,2006,  1 175,40 - 49,197
Oceania,2006,  1 175,50 - 59,184
Oceania,2006,  1 175,60 - 69,317
Oceania,2006,  1 175,70 - 79,136
Oceania,2006,  1 175,80 - 89,90
Oceania,2006,  1 175,90 - 99,28
Oceania,2007,  1 214,0 - 9,7
Oceania,2007,  1 214,10 - 19,36
Oceania,2007,  1 214,20 - 29,113
Oceania,2007,  1 214,30 - 39,74
Oceania,2007,  1 214,40 - 49,203
Oceania,2007,  1 214,50 - 59,191
Oceania,2007,  1 214,60 - 69,328
Oceania,2007,  1 214,70 - 79,140
Oceania,2007,  1 214,80 - 89,94
Oceania,2007,  1 214,90 - 99,29
Oceania,2008,  1 245,0 - 9,6
Oceania,2008,  1 245,10 - 19,36
Oceania,2008,  1 245,20 - 29,113
Oceania,2008,  1 245,30 - 39,74
Oceania,2008,  1 245,40 - 49,208
Oceania,2008,  1 245,50 - 59,196
Oceania,2008,  1 245,60 - 69,337
Oceania,2008,  1 245,70 - 79,145
Oceania,2008,  1 245,80 - 89,98
Oceania,2008,  1 245,90 - 99,31
Oceania,2009,  1 245,0 - 9,7
Oceania,2009,  1 245,10 - 19,36
Oceania,2009,  1 245,20 - 29,116
Oceania,2009,  1 245,30 - 39,76
Oceania,2009,  1 245,40 - 49,208
Oceania,2009,  1 245,50 - 59,195
Oceania,2009,  1 245,60 - 69,335
Oceania,2009,  1 245,70 - 79,143
Oceania,2009,  1 245,80 - 89,98
Oceania,2009,  1 245,90 - 99,31
Oceania,2010,  1 259,0 - 9,6
Oceania,2010,  1 259,10 - 19,36
Oceania,2010,  1 259,20 - 29,115
Oceania,2010,  1 259,30 - 39,76
Oceania,2010,  1 259,40 - 49,210
Oceania,2010,  1 259,50 - 59,198
Oceania,2010,  1 259,60 - 69,340
Oceania,2010,  1 259,70 - 79,146
Oceania,2010,  1 259,80 - 89,100
Oceania,2010,  1 259,90 - 99,32
Oceania,2011,  1 299,0 - 9,6
Oceania,2011,  1 299,10 - 19,36
Oceania,2011,  1 299,20 - 29,117
Oceania,2011,  1 299,30 - 39,78
Oceania,2011,  1 299,40 - 49,217
Oceania,2011,  1 299,50 - 59,204
Oceania,2011,  1 299,60 - 69,352
Oceania,2011,  1 299,70 - 79,151
Oceania,2011,  1 299,80 - 89,104
Oceania,2011,  1 299,90 - 99,35
Oceania,2012,  1 329,0 - 9,6
Oceania,2012,  1 329,10 - 19,36
Oceania,2012,  1 329,20 - 29,117
Oceania,2012,  1 329,30 - 39,79
Oceania,2012,  1 329,40 - 49,222
Oceania,2012,  1 329,50 - 59,209
Oceania,2012,  1 329,60 - 69,361
Oceania,2012,  1 329,70 - 79,154
Oceania,2012,  1 329,80 - 89,107
Oceania,2012,  1 329,90 - 99,37
Oceania,2013,  1 324,0 - 9,6
Oceania,2013,  1 324,10 - 19,35
Oceania,2013,  1 324,20 - 29,119
Oceania,2013,  1 324,30 - 39,80
Oceania,2013,  1 324,40 - 49,222
Oceania,2013,  1 324,50 - 59,209
Oceania,2013,  1 324,60 - 69,358
Oceania,2013,  1 324,70 - 79,152
Oceania,2013,  1 324,80 - 89,105
Oceania,2013,  1 324,90 - 99,37
Oceania,2014,  1 376,0 - 9,6
Oceania,2014,  1 376,10 - 19,36
Oceania,2014,  1 376,20 - 29,121
Oceania,2014,  1 376,30 - 39,82
Oceania,2014,  1 376,40 - 49,230
Oceania,2014,  1 376,50 - 59,217
Oceania,2014,  1 376,60 - 69,374
Oceania,2014,  1 376,70 - 79,159
Oceania,2014,  1 376,80 - 89,110
Oceania,2014,  1 376,90 - 99,40
Oceania,2015,  1 407,0 - 9,6
Oceania,2015,  1 407,10 - 19,36
Oceania,2015,  1 407,20 - 29,123
Oceania,2015,  1 407,30 - 39,84
Oceania,2015,  1 407,40 - 49,236
Oceania,2015,  1 407,50 - 59,222
Oceania,2015,  1 407,60 - 69,382
Oceania,2015,  1 407,70 - 79,163
Oceania,2015,  1 407,80 - 89,113
Oceania,2015,  1 407,90 - 99,42
Oceania,2016,  1 422,0 - 9,6
Oceania,2016,  1 422,10 - 19,36
Oceania,2016,  1 422,20 - 29,124
Oceania,2016,  1 422,30 - 39,85
Oceania,2016,  1 422,40 - 49,238
Oceania,2016,  1 422,50 - 59,225
Oceania,2016,  1 422,60 - 69,386
Oceania,2016,  1 422,70 - 79,165
Oceania,2016,  1 422,80 - 89,114
Oceania,2016,  1 422,90 - 99,43
Oceania,2017,  1 474,0 - 9,6
Oceania,2017,  1 474,10 - 19,37
Oceania,2017,  1 474,20 - 29,126
Oceania,2017,  1 474,30 - 39,86
Oceania,2017,  1 474,40 - 49,247
Oceania,2017,  1 474,50 - 59,233
Oceania,2017,  1 474,60 - 69,402
Oceania,2017,  1 474,70 - 79,172
Oceania,2017,  1 474,80 - 89,118
Oceania,2017,  1 474,90 - 99,46
Oceania,2018,  1 458,0 - 9,6
Oceania,2018,  1 458,10 - 19,37
Oceania,2018,  1 458,20 - 29,127
Oceania,2018,  1 458,30 - 39,87
Oceania,2018,  1 458,40 - 49,244
Oceania,2018,  1 458,50 - 59,231
Oceania,2018,  1 458,60 - 69,396
Oceania,2018,  1 458,70 - 79,169
Oceania,2018,  1 458,80 - 89,115
Oceania,2018,  1 458,90 - 99,45
Oceania,2019,  1 503,0 - 9,6
Oceania,2019,  1 503,10 - 19,37
Oceania,2019,  1 503,20 - 29,130
Oceania,2019,  1 503,30 - 39,88
Oceania,2019,  1 503,40 - 49,252
Oceania,2019,  1 503,50 - 59,238
Oceania,2019,  1 503,60 - 69,410
Oceania,2019,  1 503,70 - 79,175
Oceania,2019,  1 503,80 - 89,120
Oceania,2019,  1 503,90 - 99,48
Oceania,2020,  1 508,0 - 9,5
Oceania,2020,  1 508,10 - 19,37
Oceania,2020,  1 508,20 - 29,131
Oceania,2020,  1 508,30 - 39,90
Oceania,2020,  1 508,40 - 49,254
Oceania,2020,  1 508,50 - 59,240
Oceania,2020,  1 508,60 - 69,411
Oceania,2020,  1 508,70 - 79,175
Oceania,2020,  1 508,80 - 89,118
Oceania,2020,  1 508,90 - 99,47
Oceania,2021,  1 606,0 - 9,5
Oceania,2021,  1 606,10 - 19,39
Oceania,2021,  1 606,20 - 29,142
Oceania,2021,  1 606,30 - 39,98
Oceania,2021,  1 606,40 - 49,271
Oceania,2021,  1 606,50 - 59,255
Oceania,2021,  1 606,60 - 69,435
Oceania,2021,  1 606,70 - 79,185
Oceania,2021,  1 606,80 - 89,125
Oceania,2021,  1 606,90 - 99,50
Oceania,2022,  1 816,0 - 9,5
Oceania,2022,  1 816,10 - 19,30
Oceania,2022,  1 816,20 - 29,137
Oceania,2022,  1 816,30 - 39,103
Oceania,2022,  1 816,40 - 49,309
Oceania,2022,  1 816,50 - 59,298
Oceania,2022,  1 816,60 - 69,509
Oceania,2022,  1 816,70 - 79,216
Oceania,2022,  1 816,80 - 89,148
Oceania,2022,  1 816,90 - 99,62
Oceania,2023,  1 669,0 - 9,5
Oceania,2023,  1 669,10 - 19,31
Oceania,2023,  1 669,20 - 29,127
Oceania,2023,  1 669,30 - 39,93
Oceania,2023,  1 669,40 - 49,283
Oceania,2023,  1 669,50 - 59,271
Oceania,2023,  1 669,60 - 69,467
Oceania,2023,  1 669,70 - 79,200
Oceania,2023,  1 669,80 - 89,136
Oceania,2023,  1 669,90 - 99,56
